INSERT GamesLibrary.Console(ConsoleId, ConsoleName)
VALUES (1,N'NES'),
(2,N'SNES'),
(3,N'DreamCast'),
(4,N'Gamecube'),
(5,N'Nintendo 64'),
(6,N'Wii'),
(7,N'Wii U'),
(8,N'Nintendo Switch'),
(9,N'Xbox'),
(10,N'Xbox 360'),
(11,N'Xbox One'),
(12,N'Xbox Series X'),
(13,N'Playstation'),
(14,N'Playstation 2'),
(15,N'Playstation 3'),
(16,N'Playstation 4'),
(17,N'HTC Vive'),
(18,N'Gameboy'),
(19,N'Gameboy Advance'),
(20,N'Gameboy Color'),
(21,N'Atari 2600'),
(22,N'Sega Genesis'),
(23,N'PC'),
(24,N'Nintendo DS'),
(25,N'Nintendo 3DS'),
(26,N'Nintendo 2DS'),
(27,N'PlayStation Portable'),
(28,N'Playstation Vita'),
(29,N'Intellivision'),
(30,N'Atari 5200'),
(31,N'Magnavox Odyssey');

INSERT GamesLibrary.Developer(DeveloperId, DeveloperName, Country)
VALUES (1,N'2K Games',N'United States'),
(2,N'3D Realms',N'United States'),
(3,N'42 Entertainment',N'United States'),
(4,N'4A Games',N'Ukraine'),
(5,N'Activision',N'United States'),
(6,N'Acquire',N'Japan'),
(7,N'Ankama Gagmes',N'France'),
(8,N'Arika',N'Japan'),
(9,N'Atari Interactive',N'United States'),
(10,N'Atlus',N'Japan'),
(11,N'Babaroga',N'United States'),
(12,N'Bandai Namco',N'Japan'),
(13,N'B. B. Studio',N'Japan'),
(14,N'Behaviour Interactive',N'Canada'),
(15,N'BreakAway Games',N'United States'),
(16,N'Bungie',N'United States'),
(17,N'Capcom',N'Japan'),
(18,N'Climax Studios',N'England'),
(19,N'Dynamix',N'United States'),
(20,N'EA Black Box',N'Canada'),
(21,N'Eden Games',N'France'),
(22,N'Electronic Arts',N'United States'),
(23,N'Epic Games',N'United States'),
(24,N'Facepunch Studios',N'England'),
(25,N'Firefly Studios',N'England'),
(26,N'FromSoftware',N'Japan'),
(27,N'FTL Games',N'United States'),
(28,N'Gearbox Software',N'United States'),
(29,N'Hyperion Entertainment',N'Belgium'),
(30,N'Insomniac Games',N'United States'),
(31,N'Intelligent Systems',N'Japan'),
(32,N'Kojima Productions',N'Japan'),
(33,N'Konami',N'Japan'),
(34,N'Level-5',N'Japan'),
(35,N'LucasArts',N'United States'),
(36,N'Microsoft Casual Games',N'United States'),
(37,N'Naughty Dog',N'United States'),
(38,N'Next Level Games',N'Canada'),
(39,N'Nintendo',N'Japan'),
(40,N'Obsidian Entertainment',N'United States'),
(41,N'PlatinumGames',N'Japan'),
(42,N'Psyonix',N'United States'),
(43,N'Rainbow Studios',N'United States'),
(44,N'Rockstar Games',N'United States'),
(45,N'Shift',N'Japan'),
(46,N'Sherman3D',N'Malaysia'),
(47,N'Spil Games',N'Netherlands'),
(48,N'Square Enix',N'Japan'),
(49,N'Supermassive Games',N'England'),
(50,N'Team Ninja',N'Japan');

INSERT GamesLibrary.Genre(GenreId, GenreName)
VALUES (1,N'Action'),
(2,N'Adventure'),
(3,N'Action Role-Playing Game'),
(4,N'Music'),
(5,N'Platformer'),
(6,N'Puzzle'),
(7,N'Racing'),
(8,N'Hack and slash'),
(9,N'Third-person shooter'),
(10,N'Simulator'),
(11,N'Sports'),
(12,N'Real Time Strategy');

--This is only the first 1000 values, the full data set is in data.txt, and it is formatted fine, you just have to copy and paste the values.
INSERT GamesLibrary.Publisher(PublisherId, PublisherName, Country)
VALUES (1,N'11 bit studios', N'Poland'),
(2,N'Activison',N'United States'),
(3,N'Blizzard',N'United States'),
(4,N'The Adventure Company',N'Canada'),
(5,N'Akupara Games',N'United States'),
(6,N'AliceSoft',N'Japan'),
(7,N'Atlus',N'Japan'),
(8,N'Atarai, Inc',N'United States'),
(9,N'Bandai Namco',N'Japan'),
(10,N'Bethesda Softworks',N'United States'),
(11,N'CD Projekt Red',N'Poland'),
(12,N'ChessBase',N'Germany'),
(13,N'Computer and Video Games',N'United Kingdoms'),
(14,N'Crytek',N'Germany'),
(15,N'Devolver Digital',N'United States'),
(16,N'Double Fine',N'United States'),
(17,N'Electronic Arts',N'United States'),
(18,N'Epic Games',N'United States'),
(19,N'FromSoftware',N'Japan'),
(20,N'Gearbox Software',N'United States'),
(21,N'Hasbro ',N'United States'),
(22,N'Konami',N'Japan'),
(23,N'Microsoft',N'United States'),
(24,N'Mojang',N'Sweden'),
(25,N'Nintendo',N'Japan'),
(26,N'Oculus Studios',N'United States'),
(27,N'Paradox Interactive',N'Sweden'),
(28,N'2K Games',N'United States'),
(29,N'Sony',N'United States'),
(30,N'Square Enix',N'Japan');

INSERT GamesLibrary.Games(GameId, GenreId, GameName, ConsoleId, Rating)
VALUES (1,11,N'.hack//G.U. Vol.1//Rebirth',4,2),
(2,8,N'.hack//G.U. Vol.2//Reminisce',4,3),
(3,8,N'.hack//G.U. Vol.2//Reminisce (jp sales)',7,4),
(4,8,N'.hack//G.U. Vol.3//Redemption',15,5),
(5,8,N'.hack//Infection Part 1',15,3),
(6,8,N'.hack//Link',15,2),
(7,8,N'.hack//Mutation Part 2',16,3),
(8,8,N'.hack//Outbreak Part 3',16,3),
(9,8,N'.hack//Quarantine Part 4: The Final Chapter',16,1),
(10,8,N'.hack: Sekai no Mukou ni + Versus',16,3),
(11,1,N'007 Racing',16,5),
(12,7,N'007: Quantum of Solace',15,5),
(13,1,N'007: The World is not Enough',7,4),
(14,1,N'007: Tomorrow Never Dies',7,4),
(15,9,N'1 vs. 100',7,2),
(16,4,N'1/2 Summer +',7,4),
(17,2,N'10 Minute Solution',7,2),
(18,11,N'100 All-Time Favorites',7,3),
(19,6,N'100 Classic Books',7,4),
(20,4,N'100 Classic Games',7,2),
(21,4,N'1000 Cooking Recipes from ELLE à table',7,0),
(22,4,N'1001 Touch Games',7,0),
(23,1,N'101-in-1 Explosive Megamix',7,4),
(24,6,N'101-in-1 Party Megamix Wii',7,0),
(25,4,N'101-in-1 Sports Megamix',7,4),
(26,11,N'101-in-1 Sports Party Megamix',12,2),
(27,11,N'1080°: TenEighty Snowboarding',12,2),
(28,11,N'11eyes: CrossOver',12,1),
(29,2,N'12-Sai. Honto no Kimochi',12,5),
(30,2,N'12-Sai. Koisuru Diary',12,0),
(31,2,N'12Riven: The Psi-Climinal of Integral',13,2),
(32,2,N'15 Days',13,5),
(33,2,N'1701 A.D.',13,2),
(34,10,N'18 Wheeler: American Pro Trucker',13,1),
(35,7,N'18 Wheels of Steel: Extreme Trucker',13,2),
(36,7,N'18 Wheels of Steel: Extreme Trucker 2',13,1),
(37,7,N'187: Ride or Die',13,3),
(38,7,N'1942',13,5),
(39,9,N'2 Games in 1 Double Pack: Hot Wheels Velocity X / Hot Wheels World Race',13,4),
(40,7,N'2 Games in 1 Double Pack: The Incredibles / Finding Nemo: The Continuing Adventures',13,3),
(41,1,N'2 Games in 1: Disney Princess & The Lion King',13,5),
(42,4,N'2 Games in 1: Disneys Brother Bear / The Lion King 1 1/2',13,1),
(43,1,N'2 Games in 1: Sonic Advance & ChuChu Rocket!',13,2),
(44,4,N'2 Games in 1: Sonic Battle & ChuChu Rocket!',13,4),
(45,4,N'2 Games in 1: Sonic Pinball Party & Columns Crown',13,1),
(46,4,N'2 Games in 1: SpongeBob SquarePants: SuperSponge & Rugrats Go Wild',13,4),
(47,5,N'2 in 1 Combo Pack: Sonic Heroes / Super Monkey Ball Deluxe',14,5),
(48,4,N'2-in-1 Game Pack: Spider-Man & Spider-Man 2',19,1),
(49,5,N'2002 FIFA World Cup',5,2),
(50,11,N'2010 FIFA World Cup South Africa',1,1),
(51,11,N'2014 FIFA World Cup Brazil',1,4),
(52,11,N'24: The Game',1,3),
(53,2,N'25 to Life',1,3),
(54,9,N'2Xtreme',1,3),
(55,11,N'3 in 1: Solitaire, Mahjong & Tangram',1,5),
(56,4,N'300: March to Glory',1,5),
(57,1,N'3D Baseball',1,3),
(58,11,N'3D Dot Game Heroes',1,2),
(59,8,N'3D Lemmings',1,5),
(60,6,N'3D Tank Warfare Simulator Panzer Front',1,2),
(61,10,N'3DS Classic Collection',1,3),
(62,4,N'3rd Super Robot Wars Z Jigoku Hen',1,5),
(63,8,N'3rd Super Robot Wars Z: Tengoku-Hen',1,1),
(64,1,N'3Xtreme',1,3),
(65,1,N'4 Elements',1,4),
(66,6,N'4 Game Fun Pack: Monopoly / Boggle / Yahtzee / Battleship',1,5),
(67,4,N'4 Nin uchi Mahjong',1,0),
(68,4,N'40 Winks',1,4),
(69,5,N'428: Fuusa Sareta Shibuya de',1,3),
(70,2,N'4x4 EVO 2',1,2),
(71,7,N'4x4 Evolution',1,5),
(72,7,N'50 Cent: Blood on the Sand',1,2),
(73,9,N'50 Cent: Bulletproof',1,4),
(74,1,N'50 Classic Games',1,3),
(75,4,N'64 de Hakken! Tamagotchi Minna de Tamagotchi World',1,5),
(76,4,N'7 Days to Die',1,0),
(77,1,N'7 Roses: A Darkness Rises',1,4),
(78,4,N'7 Wonders II',1,3),
(79,6,N'7 Wonders of the Ancient World',1,4),
(80,6,N'7 Wonders: Treasures of Seven',4,5),
(81,6,N'7th Dragon',4,3),
(82,8,N'7th Dragon 2020',4,4),
(83,8,N'7th Dragon 2020-II',4,4),
(84,8,N'7th Dragon III Code: VFD',4,5),
(85,8,N'99 no Namida',4,1),
(86,2,N'999: Nine Hours, Nine Persons, Nine Doors',4,3),
(87,2,N'A Boy and His Blob',4,0),
(88,5,N'A Bugs Life',4,4),
(89,5,N'A Collection of Activision Classic Games for the Atari 2600',4,5),
(90,4,N'A Collection of Classic Games from the Intellivision',4,5),
(91,4,N'A Game of Thrones: Genesis',4,1),
(92,12,N'A Good Librarian Like a Good Shepherd: Library Party',4,2),
(93,1,N'A llI S.V.: A Ressha de Gyoukou 3 Super Version',4,5),
(94,10,N'A New Beginning',4,3),
(95,2,N'A Ressha de Gyoukou 2001',4,1),
(96,10,N'A Ressha de Ikou DS',4,3),
(97,10,N'A Vampyre Story',4,0),
(98,2,N'A Witchs Tale',4,3),
(99,8,N'A-Train',4,5),
(100,10,N'A-Train 6',4,1),
(101,12,N'A-Train: City Simulator',4,4),
(102,10,N'A. IV Evolution: A Ressha de Ikou 4',4,4),
(103,12,N'A.C.E.: Another Centurys Episode',4,3),
(104,10,N'A.C.E.: Another Centurys Episode 2',4,0),
(105,10,N'A.C.E.: Another Centurys Episode 3: The Final',4,1),
(106,10,N'A.C.E.: Another Centurys Episode Portable',4,4),
(107,10,N'A.C.E.: Another Centurys Episode R',4,2),
(108,10,N'Aa Megami-samaa',4,0),
(109,2,N'ABBA: You Can Dance',4,2),
(110,4,N'Abunai: Koi no Sousa Shitsu',4,2),
(111,1,N'AC/DC LIVE: Rock Band Track Pack',4,5),
(112,4,N'Academy of Champions: Soccer',4,1),
(113,11,N'Accel World: Ginyoku no Kakusei',4,3),
(114,2,N'Accel World: Kasoku no Chouten',4,0),
(115,2,N'Ace Attorney 6',4,0),
(116,2,N'Ace Attorney Investigations 2',4,3),
(117,2,N'Ace Attorney Investigations: Miles Edgeworth',4,1),
(118,2,N'Ace Combat 04: Shattered Skies',4,1),
(119,10,N'Ace Combat 2',4,4),
(120,10,N'Ace Combat 3: Electrosphere',4,3),
(121,10,N'Ace Combat 5: The Unsung War',4,3),
(122,10,N'Ace Combat 6: Fires of Liberation',4,3),
(123,10,N'Ace Combat X: Skies of Deception',4,0),
(124,10,N'Ace Combat Zero: The Belkan War',4,5),
(125,10,N'Ace Combat: Assault Horizon',4,5),
(126,1,N'Ace Combat: Assault Horizon Legacy',4,5),
(127,10,N'Ace Combat: Joint Assault',4,3),
(128,10,N'Achtung Panzer: Kharkov 1943',4,0),
(129,12,N'Act of Aggression',4,0),
(130,12,N'Action Bass',4,3),
(131,1,N'Action Force',4,0),
(132,1,N'Active Health with Carol Vorderman',4,5),
(133,11,N'Active Life Explorer',4,2),
(134,11,N'Active Life: Extreme Challenge',4,1),
(135,11,N'Active Life: Magical Carnival',4,3),
(136,4,N'Active Life: Outdoor Challenge',4,3),
(137,11,N'Activision Anthology',4,1),
(138,4,N'Activision Hits: Remixed',4,4),
(139,4,N'Actua Tennis',4,0),
(140,11,N'Adidas Power Soccer',4,4),
(141,11,N'Adidas Power Soccer 98',4,5),
(142,11,N'Adrenalin Misfits',4,5),
(143,7,N'Advance Guardian Heroes',4,5),
(144,8,N'Advance Wars',4,1),
(145,12,N'Advance Wars 2: Black Hole Rising',5,4),
(146,12,N'Advance Wars: Dual Strike',5,3),
(147,12,N'Advent Rising',5,0),
(148,1,N'Adventure Island',5,1),
(149,5,N'Adventure Time: Explore the Dungeon Because I Dont Know!',5,1),
(150,1,N'Adventure Time: Finn & Jake Investigations',5,3),
(151,1,N'Adventure Time: The Secret of the Nameless',5,3),
(152,2,N'Adventure Time: The Secret of the Nameless Kingdom',5,0),
(153,1,N'Adventures of Lolo',5,4),
(154,6,N'Adventures of Tron',5,0),
(155,1,N'Adventures to Go!',5,4),
(156,8,N'Aedis Eclipse: Generation of Chaos',5,0),
(157,8,N'Aegis of Earth: Protonovus Assault',5,2),
(158,1,N'Aeon Flux',5,3),
(159,1,N'Aero Elite: Combat Academy',5,3),
(160,10,N'Aero Gauge',5,3),
(161,7,N'AeroFighters Assault',5,3),
(162,1,N'Afrika',5,5),
(163,2,N'Afro Samurai',5,5),
(164,1,N'After Hours Athletes',5,0),
(165,11,N'Again',5,1),
(166,2,N'Agassi Tennis Generation',5,1),
(167,11,N'Agatha Christies The ABC Murders',5,3),
(168,2,N'Agatha Christie: And Then There Were None',5,1),
(169,2,N'Agatha Christie: Death on the Nile',5,0),
(170,2,N'Agatha Christie: Evil Under the Sun',5,1),
(171,2,N'Agatha Christie: Peril at End House',5,0),
(172,2,N'Agatha Christie: The ABC Murders',6,5),
(173,2,N'Age of Conan: Rise of the Godslayer',6,2),
(174,8,N'Age of Empires II: The Age of Kings',6,4),
(175,12,N'Age of Empires III',6,5),
(176,12,N'Age of Empires III: Complete Collection',6,1),
(177,12,N'Age of Empires III: Gold Edition',6,5),
(178,12,N'Age of Empires III: The Asian Dynasties',6,3),
(179,12,N'Age of Empires Online',6,2),
(180,12,N'Age of Empires: Collectors Edition',6,2),
(181,12,N'Age of Empires: Mythologies',6,4),
(182,12,N'Age of Empires: The Age of Kings',6,0),
(183,12,N'Age of Mythology',6,4),
(184,12,N'Age of Mythology: The Titans',6,1),
(185,12,N'Aggressive Inline',6,0),
(186,11,N'Agile Warrior F-111X',6,0),
(187,10,N'Aibou DS',7,4),
(188,2,N'Aidyn Chronicles: The First Mage',7,2),
(189,8,N'Aikatsu! 2-nin no My Princess',7,1),
(190,1,N'Aikatsu! 365 Idol Days',7,3),
(191,2,N'Aikatsu! Cinderella Lesson',7,5),
(192,8,N'Aikatsu! My No.1 Stage!',7,0),
(193,4,N'Ailu de Puzzle',7,2),
(194,1,N'AIR',7,0),
(195,2,N'Air Combat',7,5),
(196,10,N'Air Conflicts: Aces of World War II',7,4),
(197,10,N'Air Conflicts: Secret Wars',7,5),
(198,10,N'Air Raid',7,3),
(199,1,N'Air Traffic Chaos',7,4),
(200,10,N'Airblade',7,1),
(201,11,N'Airborne Troops: Countdown to D-Day',7,2),
(202,9,N'AirForce Delta Storm',7,4),
(203,9,N'AirForce Delta Strike',7,0),
(204,10,N'Airline Tycoon',7,3),
(205,10,N'Airline Tycoon 2',7,5),
(206,10,N'Airlock',7,4),
(207,1,N'Airport Simulator',7,4),
(208,10,N'Airship Q',7,3),
(209,5,N'Akagawa Jirou Mystery: Yasoukyoku - Hon ni Manekareta Satsujin',10,5),
(210,2,N'Akai Ito DS',10,0),
(211,2,N'Akai Katana Shin',10,5),
(212,9,N'Akane Iro ni Somaru Saka Parallel',11,1),
(213,2,N'Akatsuki no Amaneka to Aoi Kyojin',11,4),
(214,12,N'Akatsuki no Goei Trinity',11,4),
(215,2,N'AKB1/149: Love Election',11,3),
(216,2,N'AKB1/48: Idol to Guam de Koishitara...',11,2),
(217,4,N'AKB1/48: Idol to Koishitara...',11,2),
(218,4,N'AKB48+Me',14,0),
(219,1,N'Akibas Trip',15,0),
(220,2,N'Akibas Trip Plus',15,3),
(221,2,N'Akibas Trip: Undead & Undressed',15,0),
(222,1,N'Akko ni Omakase! Brain Shock',15,2),
(223,4,N'Akuji the Heartless',17,0),
(224,5,N'Aladdin Magic Racer',17,0),
(225,7,N'Alan Wake',17,5),
(226,1,N'Alexi Lalas International Soccer',17,5),
(227,11,N'Alfa Romeo Racing Italiano',17,2),
(228,7,N'Alias Carnival! Sacrament',17,3),
(229,2,N'Alias',17,0),
(230,1,N'Alice in Wonderland',17,2),
(231,2,N'Alice: Madness Returns',17,3),
(232,2,N'Alien',17,3),
(233,1,N'Alien Breed Trilogy',18,5),
(234,9,N'Alien Hominid',18,5),
(235,9,N'Alien Monster Bowling League',18,4),
(236,11,N'Alien Resurrection',18,4),
(237,9,N'Alien Syndrome',18,4),
(238,8,N'Alien Trilogy',18,2),
(239,9,N'Aliens Return',20,3),
(240,1,N'Alien: Isolation',20,0),
(241,9,N'Alienators: Evolution Continues',23,0),
(242,1,N'Aliens in the Attic',5,4),
(243,1,N'Aliens versus Predator: Extinction',5,1),
(244,12,N'Aliens vs Predator',5,2),
(245,9,N'Aliens vs Predator: Requiem',5,2),
(246,1,N'Aliens: Colonial Marines',5,2),
(247,9,N'Aliens: Infestation',5,2),
(248,1,N'All Grown Up! Express Yourself',5,3),
(249,4,N'All Grown Up!: Game Boy Advance Video Volume 1',5,2),
(250,4,N'All Japan Pro Wrestling featuring Virtua',5,2),
(251,3,N'All Kamen Rider: Rider Generation',5,1),
(252,1,N'All Kamen Rider: Rider Generation 2',5,5),
(253,1,N'All Points Bulletin',5,0),
(254,8,N'All Star Cheer Squad',5,4),
(255,11,N'All Star Cheer Squad 2',5,4),
(256,11,N'All Star Karate',5,3),
(257,1,N'All Star Pro-Wrestling',6,1),
(258,3,N'All Star Tennis 99',6,4),
(259,11,N'All-Pro Football 2K8',6,1),
(260,11,N'All-Star Baseball 2000',6,2),
(261,11,N'All-Star Baseball 2001',6,4),
(262,11,N'All-Star Baseball 2002',6,2),
(263,11,N'All-Star Baseball 2003',6,1),
(264,11,N'All-Star Baseball 2004',6,4),
(265,11,N'All-Star Baseball 99',6,5),
(266,11,N'Alleyway',6,2),
(267,6,N'Allied General',7,2),
(268,12,N'Alone in the Dark',7,4),
(269,2,N'Alone in the Dark: Inferno',7,5),
(270,2,N'Alone in the Dark: One-Eyed Jacks Revenge',7,1),
(271,2,N'Alpha and Omega',7,4),
(272,1,N'Alpha Protocol',7,2),
(273,8,N'Alter Echo',7,4),
(274,9,N'Alter Ego',10,4),
(275,10,N'Altered Beast: Guardian of the Realms',11,0),
(276,1,N'Alundra',17,1),
(277,8,N'Alundra 2: A New Legend Begins',17,4),
(278,8,N'Alvin and the Chipmunks',17,4),
(279,4,N'Alvin and the Chipmunks: Chipwrecked',17,1),
(280,4,N'Alvin and the Chipmunks: The Squeakquel',17,1),
(281,4,N'Amagami',17,0),
(282,2,N'Amagoushi no Yakata',17,1),
(283,2,N'Amatsumi Sora ni! Kumo no Hatate ni',17,2),
(284,2,N'Amazing Adventures: The Forgotten Ruins',17,5),
(285,2,N'Amazing Island',17,0),
(286,12,N'America Oudan Ultra-Quiz',17,4),
(287,4,N'Americas Army: Rise of a Soldier',17,3),
(288,9,N'Americas Army: True Soldiers',18,2),
(289,9,N'Americas Next Top Model',23,5),
(290,1,N'Americas Test Kitchen: Lets Get Cooking',23,4),
(291,10,N'American Bass Challenge',23,5),
(292,11,N'American Chopper',23,3),
(293,7,N'American Chopper 2: Full Throttle',23,0),
(294,7,N'American Girl: Julie Finds a Way',23,3),
(295,2,N'American Girl: Kit Mystery Challenge!',23,2),
(296,2,N'American Idol',23,2),
(297,4,N'AMF Bowling 2004',23,4),
(298,11,N'AMF Bowling Pinbusters!',23,1),
(299,11,N'AMF Bowling World Lanes',23,3),
(300,11,N'AMF Xtreme Bowling',23,1),
(301,11,N'Amnesia',23,1),
(302,2,N'Amnesia Crowd',23,3),
(303,4,N'Amnesia Later',1,0),
(304,4,N'AMNESIA World',1,3),
(305,2,N'Amped 2',4,3),
(306,11,N'Amped 3',4,3),
(307,11,N'Amped: Freestyle Snowboarding',13,0),
(308,11,N'Amplitude',13,0),
(309,4,N'An American Tail: Fievels Gold Rush',13,2),
(310,5,N'Anarchy Reigns',13,3),
(311,1,N'And1 Streetball',13,1),
(312,1,N'Andretti Racing',13,4),
(313,7,N'Angel Blade: Neo Tokyo Guardians',13,1),
(314,8,N'Angelique Duet',13,3),
(315,12,N'Angelique Retour',13,2),
(316,1,N'Angelique Trois',13,3),
(317,2,N'Angelique: Maren no Rokukishi',13,3),
(318,2,N'Anglers Club: Ultimate Bass Fishing 3D',13,4),
(319,11,N'Angry Birds',13,2),
(320,6,N'Angry Birds Star Wars',13,4),
(321,12,N'Angry Birds Trilogy',13,3),
(322,1,N'Angry Birds: Rio',6,0),
(323,6,N'Anima - Gate of Memories',7,5),
(324,1,N'Animal Crossing',7,4),
(325,10,N'Animal Crossing: Amiibo Festival',7,5),
(326,4,N'Animal Crossing: City Folk',7,2),
(327,10,N'Animal Crossing: Happy Home Designer',7,3),
(328,10,N'Animal Crossing: New Leaf',7,1),
(329,10,N'Animal Crossing: Wild World',7,4),
(330,10,N'Animal Genius',7,1),
(331,6,N'Animal Kingdom: Wildlife Expedition',7,4),
(332,2,N'Animal Paradise',7,0),
(333,10,N'Animal Planet: Emergency Vets',7,2),
(334,10,N'Animal Planet: Vet Collection',7,0),
(335,10,N'Animal Planet: Vet Life',7,5),
(336,10,N'Animaniacs Ten Pin Alley',7,1),
(337,11,N'Animaniacs: The Great Edgar Hunt',7,5),
(338,5,N'AniMates!',7,2),
(339,10,N'Animorphs: Shattered Reality',7,1),
(340,1,N'Anno 1701: Dawn of Discovery',7,1),
(341,10,N'Anno 2070',7,3),
(342,12,N'Anno 2205',7,1),
(343,12,N'Ano Hi Mita Hana no Namae o Bokutachi wa Mada Shiranai',7,2),
(344,1,N'Another Code R: A Journey into Lost Memories',7,0),
(345,2,N'Ansatsu Kyoushitsu: Assassin Ikusei Keikaku!!',7,0),
(346,1,N'Ant Nation',7,2),
(347,10,N'Antiphona no Seikahime: Tenshi no Gakufu Op.A',7,0),
(348,8,N'Antz Extreme Racing',7,4),
(349,7,N'Anubis II',7,0),
(350,5,N'Ao no Exorcist: Genkoku no Labyrinth',7,4),
(351,1,N'Ao no Kanata no Four Rhythm',7,0),
(352,2,N'Aoishiro',7,3),
(353,2,N'Apache: Air Assault',7,2),
(354,10,N'Apassionata: Die Galanacht der Pferde',7,5),
(355,10,N'APB Reloaded',7,4),
(356,8,N'Ape Escape',8,3),
(357,5,N'Ape Escape 2',8,4),
(358,5,N'Ape Escape 3',8,0),
(359,5,N'Ape Escape Academy',8,1),
(360,4,N'Ape Escape Academy (jp sales)',9,2),
(361,4,N'Ape Escape: On the Loose',9,5),
(362,5,N'Ape Escape: Pumped & Primed',9,4),
(363,4,N'Apex',9,5),
(364,7,N'Apocalypse',9,1),
(365,1,N'Apollo Justice: Ace Attorney',9,1),
(366,2,N'Aqua Aqua',9,5),
(367,6,N'Aqua Panic!',9,4),
(368,6,N'Aqua Teen Hunger Force: Zombie Ninja Pro-Am',9,0),
(369,7,N'Aquaman: Battle for Atlantis',9,5),
(370,1,N'Aquanauts Holiday',12,4),
(371,2,N'Aquanauts Holiday: Kakusareta Kiroku',12,4),
(372,2,N'Aquapazza: Aquaplus Dream Match',12,4),
(373,3,N'Aquarium by DS',12,5),
(374,10,N'Ar Nosurge: Ode to an Unborn Star',12,3),
(375,8,N'Ar tonelico 2: Melody of Metafalica',12,5),
(376,8,N'Ar tonelico Qoga: Knell of Ar Ciel',12,3),
(377,8,N'Ar tonelico: Melody of Elemia',12,5),
(378,8,N'Arabians Lost: The Engagement on Desert',12,0),
(379,2,N'Arc Rise Fantasia',12,5),
(380,8,N'Arc the Lad',12,3),
(381,8,N'Arc the Lad II',12,0),
(382,8,N'Arc the Lad III',12,5),
(383,8,N'Arc the Lad: End of Darkness',12,5),
(384,8,N'Arc the Lad: Twilight of the Spirits',12,0),
(385,8,N'Arcade Hits: Frisky Tom',12,4),
(386,1,N'Arcade Party Pak',12,3),
(387,4,N'Arcade Shooting Gallery',12,3),
(388,9,N'Arcade Zone',12,1),
(389,4,N'Arcana Famiglia 2',12,1),
(390,2,N'Arcana Famiglia: La storia della Aracana Famiglia',12,1),
(391,2,N'Arcana Famiglia: Vascello Phantasma no Majutsushi',12,0),
(392,1,N'Arcana Heart',12,1),
(393,3,N'Arcana Heart 3',12,3),
(394,3,N'Arcania: Gothic 4',12,5),
(395,8,N'Archer Maclean Presents: Pool Paradise',12,1),
(396,11,N'Archer Macleans 3D Pool',12,1),
(397,4,N'Archer Macleans Mercury',12,3),
(398,6,N'Arctic Tale',12,5),
(399,2,N'Arctic Thunder',12,3),
(400,7,N'Are You Alice?',12,5),
(401,2,N'Are You Smarter Than A 5th Grader?',13,5),
(402,4,N'Are You Smarter Than a 5th Grader? Back to School',13,0),
(403,4,N'Are You Smarter than a 5th Grader? Game Time',13,4),
(404,6,N'Are You Smarter than a 5th Grader? Make the Grade',13,3),
(405,4,N'Area 51',13,0),
(406,9,N'Arena Football',13,4),
(407,11,N'Aria: The Natural ~Tooi Yume no Mirage~',13,1),
(408,2,N'Aria: The Origination ~Aoi Wakusei no El Cielo~',13,4),
(409,2,N'Arkanoid DS',13,0),
(410,6,N'ArmA II',13,2),
(411,9,N'ArmA III',13,5),
(412,9,N'Armed and Dangerous',13,5),
(413,9,N'Armor Ambush',13,5),
(414,1,N'Armored Core',13,1),
(415,10,N'Armored Core 2',13,0),
(416,10,N'Armored Core 2: Another Age',13,5),
(417,10,N'Armored Core 3',13,3),
(418,10,N'Armored Core 3 Portable',13,3),
(419,10,N'Armored Core 4',13,5),
(420,10,N'Armored Core SL: Silent Line Portable',13,0),
(421,10,N'Armored Core V',13,5),
(422,10,N'Armored Core: For Answer',13,5),
(423,10,N'Armored Core: Formula Front Extreme Battle',13,5),
(424,10,N'Armored Core: Last Raven',13,0),
(425,10,N'Armored Core: Last Raven Portable',13,4),
(426,10,N'Armored Core: Master of Arena',13,1),
(427,10,N'Armored Core: Nexus',13,0),
(428,10,N'Armored Core: Nine Breaker',13,1),
(429,10,N'Armored Core: Project Phantasma',13,3),
(430,10,N'Armored Core: Silent Line',13,4),
(431,10,N'Armored Core: Verdict Day',13,3),
(432,10,N'Armorines: Project S.W.A.R.M.',13,2),
(433,9,N'Army Corps of Hell',13,5),
(434,1,N'Army Men 3D',13,3),
(435,1,N'Army Men World War: Final Front',13,5),
(436,1,N'Army Men World War: Land, Sea, Air',13,0),
(437,1,N'Army Men World War: Team Assault',13,3),
(438,1,N'Army Men: Air Attack',13,1),
(439,1,N'Army Men: Air Attack 2',13,5),
(440,1,N'Army Men: Air Combat',13,2),
(441,1,N'Army Men: Air Combat - The Elite Missions',13,0),
(442,9,N'Army Men: Green Rogue',13,1),
(443,1,N'Army Men: Major Malfunction',13,3),
(444,9,N'Army Men: RTS',13,2),
(445,12,N'Army Men: Sarges Heroes',13,4),
(446,1,N'Army Men: Sarges Heroes 2',13,2),
(447,9,N'Army Men: Sarges War',13,2),
(448,9,N'Army Men: Soldiers of Misfortune',13,1),
(449,9,N'Army of Two',13,4),
(450,9,N'Army of Two: The 40th Day',13,1),
(451,9,N'Army of Two: The Devils Cartel',13,5),
(452,9,N'Army Rescue',13,5),
(453,9,N'Around the World in 80 Days',13,1),
(454,1,N'Arslan: The Warriors of Legend',13,2),
(455,1,N'Art Academy',14,0),
(456,4,N'Art Academy: Home Studio',14,1),
(457,4,N'Art Academy: Lessons for Everyone',14,2),
(458,1,N'Art of Fighting 3: The Path of the Warrior',14,5),
(459,3,N'Art of Fighting Anthology',14,5),
(460,3,N'Arthur and the Invisibles',14,3),
(461,2,N'Arthur! Ready to Race',14,3),
(462,7,N'Arx Fatalis',14,2),
(463,8,N'ASH: Archaic Sealed Heat',14,0),
(464,8,N'Ashes Cricket 2009',14,3),
(465,11,N'Asphalt 3D',14,0),
(466,7,N'Asphalt: Injection',14,4),
(467,1,N'Asphalt: Urban GT',14,3),
(468,7,N'Asphalt: Urban GT 2',14,0),
(469,7,N'Assassins Creed',14,2),
(470,2,N'Assassins Creed Chronicles',14,5),
(471,1,N'Assassins Creed Chronicles: China',14,5),
(472,1,N'Assassins Creed II',14,5),
(473,1,N'Assassins Creed II: Discovery',14,1),
(474,1,N'Assassins Creed III',14,2),
(475,1,N'Assassins Creed III: Liberation',14,3),
(476,1,N'Assassins Creed IV: Black Flag',15,5),
(477,1,N'Assassins Creed Syndicate',19,0),
(478,1,N'Assassins Creed: Altairs Chronicles',19,1),
(479,5,N'Assassins Creed: Bloodlines',19,2),
(480,1,N'Assassins Creed: Brotherhood',19,1),
(481,1,N'Assassins Creed: Revelations',19,1),
(482,1,N'Assassins Creed: Rogue',19,3),
(483,1,N'Assassins Creed: Unity',19,3),
(484,1,N'Assassination Classroom: Grand Siege on Kuro-sensei',19,1),
(485,1,N'Assault',19,3),
(486,1,N'Assault Rigs',19,0),
(487,1,N'Assault Suit Leynos',19,0),
(488,9,N'Assault: Retribution',19,0),
(489,1,N'Assetto Corsa',19,1),
(490,7,N'Asterix & Obelix: Kick Buttix',19,0),
(491,1,N'Asteroids',19,0),
(492,9,N'Asteroids Hyper 64',19,0),
(493,9,N'Astonishia Story',19,4),
(494,8,N'Astro Boy',19,1),
(495,1,N'Astro Boy: Omega Factor',19,4),
(496,1,N'Astro Boy: The Video Game',19,5),
(497,1,N'Astroblast',19,3),
(498,1,N'Astrology DS',19,4),
(499,4,N'Asuras Wrath',19,3),
(500,1,N'Atari Anniversary Advance',19,5),
(501,4,N'Atari Anniversary Edition Redux',21,3),
(502,4,N'Atari Anthology',21,5),
(503,4,N'Atari Classics Evolved',22,4),
(504,4,N'Ataris Greatest Hits: Volume 1',24,5),
(505,4,N'Ataris Greatest Hits: Volume 2',24,5),
(506,4,N'Atelier Annie: Alchemists of Sera Island',24,4),
(507,8,N'Atelier Ayesha: The Alchemist of Dusk',13,4),
(508,8,N'Atelier Escha & Logy: Alchemists of the Dusk Sky',13,0),
(509,8,N'Atelier Iris 2: The Azoth Of Destiny',13,1),
(510,8,N'Atelier Iris 3: Grand Phantasm (JP Sales)',1,5),
(511,8,N'Atelier Iris 3: Grand Phantasm (US Sales)',1,5),
(512,8,N'Atelier Iris: Eternal Mana',4,1),
(513,8,N'Atelier Meruru: Alchemist of Arland 3',6,0),
(514,8,N'Atelier Rorona: Alchemist of Arland',6,1),
(515,8,N'Atelier Shallie Plus: Alchemists of the Dusk Sea',6,2),
(516,8,N'Atelier Shallie: Alchemists of the Dusk Sea',10,3),
(517,8,N'Atelier Sophie: The Alchemist of the Mysterious Book',17,3),
(518,8,N'Atelier Totori: The Adventurer of Arland',17,5),
(519,8,N'Athens 2004',17,0),
(520,11,N'Atlantic Quest',6,1),
(521,6,N'Atlantis',6,1),
(522,9,N'Atomic Betty',6,2),
(523,6,N'Attack of the Movies 3D',7,0),
(524,9,N'Attack on Titan (KOEI)',10,5),
(525,1,N'Attack on Titan: Humanity in Chains',11,2),
(526,1,N'ATV Offroad Fury',17,0),
(527,7,N'ATV Offroad Fury 2',17,2),
(528,7,N'ATV Offroad Fury 3',17,4),
(529,7,N'ATV Offroad Fury Pro',17,1),
(530,7,N'ATV Offroad Fury: Blazin Trails',17,5),
(531,7,N'ATV Quad Kings',17,0),
(532,7,N'ATV Quad Power Racing 2',17,1),
(533,7,N'ATV/Monster Truck Mayhem',1,4),
(534,7,N'ATV: Quad Frenzy',1,3),
(535,7,N'ATV: Quad Power Racing',1,5),
(536,7,N'Auto Destruct',1,4),
(537,1,N'Auto Modellista',1,4),
(538,7,N'Automobili Lamborghini',1,4),
(539,7,N'Avalon Code',1,1),
(540,8,N'Avatar: The Game',1,1),
(541,1,N'Avatar: The Last Airbender',1,2),
(542,2,N'Avatar: The Last Airbender - Into the Inferno',1,1),
(543,2,N'Avatar: The Last Airbender - The Burning Earth',1,2),
(544,1,N'Away: Shuffle Dungeon',1,2),
(545,8,N'Azada',1,0),
(546,6,N'Azure Dreams',1,0),
(547,8,N'Azure Striker Gunvolt: Striker Pack',1,5),
(548,1,N'Azurik: Rise of Perathia',1,2),
(549,1,N'Bs-LOG Party♪',1,0),
(550,2,N'B-17: Fortress in the Sky',1,4),
(551,10,N'B-Boy',1,0),
(552,4,N'Baby Pals',1,0),
(553,10,N'Babysitting Mama',1,0),
(554,10,N'Babysitting Mania',1,4),
(555,10,N'Back At The Barnyard: Slop Bucket Games',1,3),
(556,11,N'Back to the Future: The Game',1,5),
(557,2,N'Backstreet Billiards',1,2),
(558,4,N'Backyard Baseball',1,5),
(559,11,N'Backyard Baseball 09',1,5),
(560,11,N'Backyard Baseball 10',1,4),
(561,11,N'Backyard Baseball 2006',1,0),
(562,11,N'Backyard Basketball',1,4),
(563,11,N'Backyard Hockey',1,5),
(564,11,N'Backyard NBA Basketball',1,1),
(565,11,N'Backyard NFL Football',1,2),
(566,11,N'Backyard NFL Football 08',1,2),
(567,11,N'Backyard NFL Football 09',1,1),
(568,11,N'Backyard NFL Football 10',1,5),
(569,11,N'Backyard NFL Football 2006',1,4),
(570,11,N'Backyard Skateboarding 2006',1,1),
(571,11,N'Backyard Soccer',1,0),
(572,11,N'Backyard Sports Football: Rookie Rush',1,0),
(573,11,N'Backyard Sports: Sandlot Sluggers',1,1),
(574,11,N'Backyard Wrestling 2: There Goes the Neighborhood',1,3),
(575,3,N'Backyard Wrestling: Dont Try This at Home',1,3),
(576,3,N'Bad Apple Wars',1,5),
(577,1,N'Bad Boys: Miami Takedown',1,5),
(578,9,N'Bae Yong-joon to Manabu Kankokugo DS',1,4),
(579,4,N'Bahamut Lagoon',1,1),
(580,8,N'Baja: Edge of Control',1,1),
(581,7,N'Bakemonogatari Portable',1,1),
(582,1,N'Baku Baku',1,4),
(583,6,N'Bakugan Battle Brawlers: Defenders of the Core',1,4),
(584,1,N'Bakugan: Battle Brawlers',1,1),
(585,1,N'Bakugan: Battle Trainer',1,4),
(586,1,N'Bakugan: Rise of the Resistance',1,2),
(587,12,N'Bakumatsu Koihana: Shinsengumi DS',1,5),
(588,2,N'Bakumatsu Renka: Karyuu Kenshi-den',1,3),
(589,2,N'Bakumatsu Rock',1,4),
(590,1,N'Bakumatsu Rock: Ultra Soul',1,0),
(591,4,N'Bakusou Dekotora Densetsu: Otoko Ippiki Yume Kaidoi',1,0),
(592,7,N'Bakusou Kyoudai Lets & Go!! Eternal Wings',1,3),
(593,7,N'Baldurs Gate: Dark Alliance',1,2),
(594,8,N'Baldurs Gate: Dark Alliance II',1,3),
(595,8,N'Ball Breakers',1,0),
(596,1,N'Ballblazer Champions',1,3),
(597,11,N'Ballistic',1,4),
(598,6,N'Ballistic: Ecks vs. Sever',1,5),
(599,9,N'Balloon Fight',1,0),
(600,5,N'Balloon Pop',1,1),
(601,6,N'Balloon Pop 2',1,0),
(602,6,N'Balls of Fury',1,1),
(603,11,N'Band Hero',1,5),
(604,4,N'Bangai-O Spirits',1,2),
(605,9,N'Banjo-Kazooie',1,2),
(606,5,N'Banjo-Kazooie: Gruntys Revenge',1,3),
(607,5,N'Banjo-Kazooie: Nuts & Bolts',1,2),
(608,5,N'Banjo-Pilot',1,2),
(609,7,N'Banjo-Tooie',1,1),
(610,5,N'Bank Heist',1,5),
(611,1,N'Banushi Life Game: Winners Circle',1,0),
(612,11,N'Barbarian',1,3),
(613,3,N'Barbie and Her Sisters Puppy Rescue',1,0),
(614,1,N'Barbie and the Magic of Pegasus',1,0),
(615,1,N'Barbie and the Three Musketeers',1,1),
(616,2,N'Barbie as The Island Princess',1,2),
(617,2,N'Barbie as the Princess and the Pauper',1,5),
(618,2,N'Barbie Explorer',1,1),
(619,5,N'Barbie Fashion Show: An Eye for Style',1,5),
(620,4,N'Barbie Groovy Games',1,1),
(621,4,N'Barbie Horse Adventures: Blue Ribbon Race',1,0),
(622,11,N'Barbie Horse Adventures: Riding Camp',1,5),
(623,11,N'Barbie Horse Adventures: Wild Horse Rescue',1,5),
(624,11,N'Barbie in The 12 Dancing Princesses',1,3),
(625,2,N'Barbie Super Sports',1,0),
(626,11,N'Barbie Superpack: Secret Agent / Groovy Games',1,1),
(627,4,N'Barbie: Groom and Glam Pups',1,2),
(628,1,N'Barbie: Jet, Set & Style!',1,3),
(629,4,N'Barbie: Race & Ride',1,1),
(630,1,N'Barnstorming',1,2),
(631,1,N'Barnyard',1,0),
(632,1,N'Barnyard Blast: Swine of the Night',1,1),
(633,5,N'Baroque',1,4),
(634,8,N'Baseball',1,1),
(635,11,N'Baseball Advance',1,0),
(636,11,N'Baseball Blast!',1,3),
(637,11,N'Bases Loaded 96: Double Header',1,2),
(638,11,N'Basketball Hall of Fame Ultimate Hoops Challenge',1,0),
(639,11,N'Bass Hunter 64',1,2),
(640,11,N'Bass Landing',1,5),
(641,11,N'Bass Pro Shops: The Hunt',1,4),
(642,11,N'Bass Pro Shops: The Strike',3,0),
(643,11,N'Bass Rise',4,5),
(644,11,N'Bass Strike',4,5),
(645,11,N'Bassmasters 2000',4,5),
(646,11,N'Bastard!! Utsuro Naru Kamigami no Utsuwa',4,2),
(647,8,N'Baten Kaitos Origins',4,5),
(648,8,N'Baten Kaitos: Eternal Wings and the Lost Ocean',4,3),
(649,8,N'Batman & Robin',4,2),
(650,1,N'Batman Begins',4,2),
(651,1,N'Batman Beyond: Return of the Joker',4,2),
(652,1,N'Batman Forever: The Arcade Game',4,5),
(653,1,N'Batman: A Telltale Game Series',4,5),
(654,2,N'Batman: Arkham Asylum',4,1),
(655,1,N'Batman: Arkham City',4,0),
(656,1,N'Batman: Arkham Knight',4,0),
(657,1,N'Batman: Arkham Origins',4,1),
(658,1,N'Batman: Arkham Origins Blackgate',4,1),
(659,1,N'Batman: Dark Tomorrow',4,4),
(660,1,N'Batman: Gotham City Racer',4,4),
(661,7,N'Batman: Rise of Sin Tzu',4,3),
(662,1,N'Batman: The Brave and the Bold the Videogame',4,0),
(663,1,N'Batman: Vengeance',4,2),
(664,2,N'Battalion Wars',4,0),
(665,12,N'Battalion Wars 2',4,1),
(666,12,N'Battle & Get! Pokemon Typing DS',4,1),
(667,4,N'Battle Arena Toshinden',4,5),
(668,3,N'Battle Arena Toshinden 2',4,1),
(669,3,N'Battle Arena Toshinden 3',4,4),
(670,3,N'Battle Arena Toshinden Remix',4,0),
(671,3,N'Battle Arena Toshinden URA',4,0),
(672,3,N'Battle Assault 3 featuring Gundam Seed',4,1),
(673,1,N'Battle Commander: Hachibushu Shura no Heihou',4,4),
(674,12,N'Battle Dodge Ball',4,4),
(675,11,N'Battle Engine Aquila',4,1),
(676,9,N'Battle Fantasia',4,4),
(677,3,N'Battle Hunter',4,5),
(678,12,N'Battle of Giants: Dinosaurs',4,3),
(679,12,N'Battle of Giants: Dinosaurs Strike',4,0),
(680,12,N'Battle of Giants: Dragons',4,5),
(681,12,N'Battle of Giants: Mutant Insects',4,5),
(682,12,N'Battle Princess of Arcadias',4,5),
(683,8,N'Battle Rage',4,1),
(684,9,N'Battle Soccer: Field no Hasha',4,1),
(685,11,N'Battle Spirits: Digital Starter',4,1),
(686,8,N'Battle Spirits: Heros Soul',4,2),
(687,8,N'Battle Spirits: Kiseki no Hasha',4,3),
(688,8,N'Battle Stadium D.O.N',4,4),
(689,3,N'Battle Stations',4,3),
(690,12,N'Battle vs. Chess',4,1),
(691,4,N'Battle Worlds: Kronos',4,1),
(692,12,N'Battleborn',4,4),
(693,9,N'BattleBots: Beyond the BattleBox',4,2),
(694,1,N'Battlebots: Design & Destroy',4,5),
(695,1,N'Battlefield 1942',4,2),
(696,9,N'Battlefield 1942: The WW II Anthology',4,1),
(697,9,N'Battlefield 2',4,0),
(698,9,N'Battlefield 2142',4,3),
(699,9,N'Battlefield 2: Modern Combat',4,1),
(700,9,N'Battlefield 2: Modern Combat(JP sales)',4,5),
(701,9,N'Battlefield 3',4,2),
(702,9,N'Battlefield 4',4,2),
(703,9,N'Battlefield Vietnam',4,3),
(704,9,N'Battlefield: Bad Company',4,5),
(705,9,N'Battlefield: Bad Company 2',4,1),
(706,9,N'Battlefield: Hardline',4,3),
(707,9,N'BattleForge',4,0),
(708,12,N'Battles of Prince of Persia',4,5),
(709,12,N'Battleship / Connect Four / Sorry! / Trouble',4,1),
(710,6,N'Battlestar Galactica',4,4),
(711,9,N'Battlestations: Midway',4,5),
(712,12,N'Battlestations: Pacific',4,1),
(713,12,N'BattleTanx',4,2),
(714,1,N'BattleTanx: Global Assault',4,2),
(715,1,N'Battlezone',4,4),
(716,9,N'Battlezone: Rise of the Black Dogs',4,3),
(717,12,N'Bayonetta',4,2),
(718,1,N'Bayonetta 2',4,5),
(719,1,N'BCFX: The Black College Football Xperience, The Doug Williams Edition',4,3),
(720,11,N'Beach Spikers: Virtua Beach Volleyball',4,1),
(721,11,N'Beamrider',4,1),
(722,7,N'Beastly',4,4),
(723,4,N'Beastly Frantic Foto',4,3),
(724,6,N'Beat City',4,2),
(725,4,N'Beat Down: Fists of Vengeance',4,4),
(726,1,N'Beat Sketch!',4,3),
(727,4,N'Beatdown: Fists of Vengeance',4,4),
(728,1,N'Beaterator',4,2),
(729,4,N'BeatMania',4,5),
(730,10,N'BeatMania Append 3rdMix',4,3),
(731,10,N'BeatMania Append 4thMix: The beat goes on',4,4),
(732,10,N'BeatMania Append GottaMix',4,4),
(733,10,N'BeatMania IIDX 11: IIDX Red',4,1),
(734,10,N'BeatMania IIDX 13: DistorteD',4,1),
(735,10,N'BeatMania IIDX 14 Gold',4,5),
(736,10,N'BeatMania IIDX 15: DJ Troopers',4,1),
(737,10,N'BeatMania IIDX 16: Empress + Premium Best',4,1),
(738,10,N'BeatMania IIDX 3rd Style',4,0),
(739,10,N'BeatMania IIDX 4th Style: New Songs Collection',4,2),
(740,10,N'Beautiful Katamari',4,2),
(741,6,N'Bee Movie Game',4,3),
(742,1,N'Beetle Adventure Racing!',4,1),
(743,7,N'Beijing 2008',4,2),
(744,11,N'Bejeweled 2 Deluxe',4,5),
(745,6,N'Bejeweled 3',4,3),
(746,6,N'Bejeweled Blitz',4,4),
(747,6,N'Bejeweled Twist',4,0),
(748,6,N'Bella Sara',4,3),
(749,4,N'Bella Sara 2 - The Magic of Drasilmare',4,1),
(750,2,N'Ben 10 Alien Force: Vilgax Attacks',4,3),
(751,1,N'Ben 10 Galactic Racing',4,2),
(752,7,N'Ben 10 Omniverse 2',4,5),
(753,1,N'Ben 10 Triple Pack',5,2),
(754,4,N'Ben 10 Ultimate Alien: Cosmic Destruction',5,3),
(755,5,N'Ben 10: Alien Force',5,2),
(756,1,N'Ben 10: Protector of Earth',5,2),
(757,1,N'Bentleys Hackpack',5,3),
(758,4,N'Beowulf: The Game',5,1),
(759,1,N'Berzerk',5,0),
(760,9,N'Best Friends Tonight',5,1),
(761,4,N'Best Of Tests',5,2),
(762,6,N'Betty Boops Double Shift',5,4),
(763,6,N'Beyblade Evolution',5,0),
(764,1,N'Beyblade G-Revolution',5,5),
(765,1,N'BeyBlade VForce: Super Tournament Battle',5,1),
(766,1,N'Beyblade VForce: Ultimate Blader Jam',5,1),
(767,1,N'Beyblade: Metal Fusion',5,2),
(768,8,N'Beyblade: Metal Fusion - Battle Fortress',5,4),
(769,1,N'Beyblade: Metal Masters',5,0),
(770,1,N'Beyond Good & Evil',5,1),
(771,2,N'Beyond Oasis',5,1),
(772,8,N'Beyond The Beyond',5,1),
(773,8,N'Beyond: Two Souls',5,5),
(774,2,N'Bicycle Casino 2005',5,4),
(775,4,N'Big Air',5,3),
(776,11,N'Big Air Freestyle',5,2),
(777,7,N'Big Bang Mini',5,4),
(778,9,N'Big Bass Fishing',5,4),
(779,1,N'Big Bass World Championship',5,3),
(780,11,N'Big Beach Sports',5,3),
(781,11,N'Big Brain Academy',5,5),
(782,4,N'Big Brain Academy: Wii Degree',5,2),
(783,4,N'Big Family Games',5,4),
(784,4,N'Big Ichigeki! Pachi-Slot Taikouryku Universal Museum',5,0),
(785,4,N'Big Ideas VeggieTales: LarryBoy and the Bad Apple',5,3),
(786,1,N'Big League Sports',5,1),
(787,11,N'Big League Sports: Summer',5,3),
(788,11,N'Big Mountain 2000',5,2),
(789,11,N'Big Mutha Truckers',5,0),
(790,7,N'Big Mutha Truckers 2',5,5),
(791,7,N'Big Strike Bowling',5,0),
(792,11,N'Bigfoot King of Crush',5,0),
(793,7,N'Bigfoot: Collision Course',5,0),
(794,7,N'Biker Mice From Mars',5,5),
(795,7,N'Billy Hatcher and the Giant Egg',5,5),
(796,5,N'Billy the Wizard: Rocket Broomstick Racing',5,4),
(797,7,N'Billys Boot Camp: Wii de Enjoy Diet!',5,1),
(798,11,N'Binary Domain',5,1),
(799,1,N'Binary Star',5,3),
(800,2,N'Bio FREAKS',5,0),
(801,1,N'Biohazard: Revival Selection',5,1),
(802,1,N'Bionic Commando',5,4),
(803,5,N'Bionicle',5,0),
(804,1,N'Bionicle Heroes',5,2),
(805,9,N'Bionicle: Matoran Adventures',5,1),
(806,5,N'BioShock',5,1),
(807,9,N'BioShock 2',5,0),
(808,9,N'BioShock Infinite',5,0),
(809,9,N'BioShock The Collection',5,1),
(810,9,N'Birds of Steel',5,3),
(811,10,N'Birthday Party Bash',5,3),
(812,4,N'Bishoujo Senshi Sailormoon R',5,1),
(813,3,N'Bishoujo Senshi Sailormoon S: Juugai Rantou!? Shuyaku Soudatsusen',5,2),
(814,3,N'BIT.TRIP COMPLETE',5,4),
(815,4,N'BIT.TRIP SAGA',5,1),
(816,4,N'Black',5,0),
(817,9,N'Black & Bruised',5,3),
(818,3,N'Black & White',5,1),
(819,12,N'Black & White 2',5,3),
(820,12,N'Black * Rock Shooter: The Game',5,5),
(821,8,N'Black Bass with Blue Marlin',5,0),
(822,11,N'Black Cat',5,0),
(823,1,N'Black Dawn',5,1),
(824,10,N'Black Jack vs. Matsudajun',5,3),
(825,4,N'Black Mirror 2',5,4),
(826,2,N'Black Rose Valkyrie',5,4),
(827,8,N'Black Sigil: Blade of the Exiled',5,4),
(828,8,N'Black Stone: Magic & Steel',5,3),
(829,8,N'Black/Matrix',5,1),
(830,12,N'Blacksite: Area 51',5,0),
(831,9,N'Blackthorne',5,0),
(832,1,N'Blackwater',5,2),
(833,9,N'Blade Arcus from Shining EX',5,3),
(834,3,N'Blade Dancer: Lineage of Light',5,1),
(835,8,N'Blade II',5,3),
(836,1,N'Blades of Blood: Samurai Shodown III',5,1),
(837,3,N'Blades of Time',5,0),
(838,1,N'Bladestorm: Nightmare',5,3),
(839,1,N'Bladestorm: The Hundred Years War',5,0),
(840,1,N'Blast Chamber',5,2),
(841,9,N'Blast Corps',5,3),
(842,1,N'Blast Lacrosse',5,3),
(843,11,N'Blast Radius',5,1),
(844,1,N'Blast Works: Build, Trade, Destroy',5,5),
(845,9,N'Blaster Master: Blasting Again',5,3),
(846,9,N'Blasto',5,3),
(847,1,N'BlazBlue: Calamity Trigger',5,2),
(848,3,N'BlazBlue: Calamity Trigger Portable',5,4),
(849,3,N'BlazBlue: Chrono Phantasma',5,2),
(850,3,N'BlazBlue: Chrono Phantasma Extend',5,2),
(851,1,N'BlazBlue: Continuum Shift',5,1),
(852,3,N'Blazblue: Continuum Shift Extend',5,0),
(853,3,N'BlazBlue: Continuum Shift II',5,4),
(854,3,N'Blaze Union: Story to Reach the Future',5,3),
(855,8,N'Blazer Drive',5,0),
(856,8,N'Blazing Angels 2: Secret Missions of WWII',5,5),
(857,10,N'Blazing Angels: Squadrons of WWII',5,3),
(858,10,N'Blazing Dragons',5,1),
(859,2,N'Blazing Heroes',5,0),
(860,8,N'Blazing Souls',5,1),
(861,8,N'Blazing Souls: Accelate',5,0),
(862,8,N'Bleach DS 4th: Flame Bringer',5,0),
(863,1,N'Bleach GC: Tasogare Ni Mamieru Shinigami',5,5),
(864,3,N'Bleach: Blade Battlers',5,2),
(865,3,N'Bleach: Blade Battlers 2nd',5,5),
(866,3,N'Bleach: Dark Souls',5,1),
(867,3,N'Bleach: Dark Souls (JP sales)',5,5),
(868,3,N'Bleach: Erabareshi Tamashii',5,4),
(869,2,N'Bleach: Hanatareshi Yabou',5,5),
(870,8,N'Bleach: Heat the Soul',5,5),
(871,3,N'Bleach: Heat the Soul 3',5,2),
(872,3,N'Bleach: Heat the Soul 4',5,4),
(873,3,N'Bleach: Heat the Soul 5',5,3),
(874,3,N'Bleach: Heat the Soul 6',5,5),
(875,3,N'Bleach: Heat the Soul 7',5,2),
(876,3,N'Bleach: Shattered Blade',5,2),
(877,3,N'Bleach: Soul Carnival',5,0),
(878,3,N'Bleach: Soul Carnival 2',5,3),
(879,3,N'Bleach: Soul Resurreccion',5,0),
(880,3,N'Bleach: The 3rd Phantom',5,3),
(881,8,N'Bleach: The Blade of Fate',5,3),
(882,3,N'Bleach: Versus Crusade',5,4),
(883,3,N'Blender Bros.',5,1),
(884,5,N'Blinx 2: Masters of Time & Space',5,4),
(885,5,N'Blinx: The Time Sweeper',5,2),
(886,5,N'Blitz: Overtime',6,4),
(887,11,N'Blitz: The League',6,2),
(888,11,N'Blitz: The League II',6,1),
(889,11,N'Blitzkrieg 2 Anthology',6,2),
(890,12,N'Block Kuzushi',6,2),
(891,6,N'Block Party',6,5),
(892,4,N'Blokus Portable: Steambot Championship',6,5),
(893,6,N'Blood Bowl',6,4),
(894,11,N'Blood Bowl: Legendary Edition',6,5),
(895,11,N'Blood Drive',6,5),
(896,7,N'Blood of Bahamut',6,2),
(897,8,N'Blood Omen 2',6,4),
(898,1,N'Blood Omen: Legacy of Kain',6,5),
(899,8,N'Blood Wake',6,5),
(900,9,N'Blood Will Tell: Tezuka Osamus Dororo',6,3),
(901,2,N'Blood: The Last Vampire (Joukan)',6,4),
(902,2,N'Bloodborne',6,2),
(903,1,N'BloodRayne',6,1),
(904,9,N'BloodRayne 2',6,3),
(905,9,N'Bloody Roar',6,2),
(906,3,N'Bloody Roar 3',6,2),
(907,3,N'Bloody Roar 4',6,5),
(908,3,N'Bloody Roar Extreme',6,5),
(909,3,N'Bloody Roar II',6,3),
(910,3,N'Bloody Roar: Primal Fury',6,3),
(911,3,N'BlowOut',6,5),
(912,9,N'Blue Breaker: Ken Yorimo Hohoemi o',6,0),
(913,8,N'Blue Dragon',6,4),
(914,8,N'Blue Dragon Plus',6,1),
(915,8,N'Blue Dragon: Awakened Shadow',6,4),
(916,8,N'Blue Roses: Yousei to Aoi Hitomi no Senshitachi',6,1),
(917,2,N'Blue Stinger',6,3),
(918,2,N'Blues Clues: Blues Big Musical',6,5),
(919,4,N'Blues Brothers 2000',6,5),
(920,5,N'Blur',6,1),
(921,7,N'BMX XXX',6,5),
(922,11,N'Board Game Classics',6,0),
(923,4,N'Board Game: Top Shop',6,2),
(924,4,N'Bob the Builder: Can We Fix It?',6,3),
(925,1,N'Boboboubo Boubobo: Ougi 87.5 Bakuretsu Hanage Shinken',6,3),
(926,1,N'Bode Miller Alpine Skiing',6,0),
(927,11,N'Body and Brain Connection',6,2),
(928,4,N'Body Harvest',6,3),
(929,9,N'Bodycount',6,1),
(930,9,N'Bogey: Dead 6',6,1),
(931,10,N'Boing! Docomodake DS',6,0),
(932,6,N'Boktai 2: Solar Boy Django',6,1),
(933,8,N'Boktai: The Sun is in Your Hand',6,3),
(934,8,N'Boku no Natsuyasumi',6,1),
(935,2,N'Boku no Natsuyasumi 2: Umi no Bouken Hen',6,0),
(936,2,N'Boku no Natsuyasumi 3: Hokkoku Hen: Chiisana Boku no Dai Sougen​',6,0),
(937,2,N'Boku no Natsuyasumi 4: Seitouchi Shounen Tanteidan, Boku to Himitsu no Chizu',6,4),
(938,2,N'Boku no Natsuyasumi Portable 2: Nazo Nazo Shimai to Chinbotsusen no Himitsu',6,5),
(939,2,N'Boku no Natsuyasumi Portable: Mushi Mushi Hakase to Teppen-yama no Himitsu!!',6,2),
(940,2,N'Bolt',6,3),
(941,2,N'Bombastic',6,0),
(942,6,N'Bomberman',6,0),
(943,6,N'Bomberman (jp sales)',6,0),
(944,6,N'Bomberman 2',6,1),
(945,6,N'Bomberman 64',6,1),
(946,6,N'Bomberman 64: The Second Attack!',6,3),
(947,2,N'Bomberman B-Daman',6,5),
(948,9,N'Bomberman Fantasy Race',6,4),
(949,7,N'Bomberman Generation',6,2),
(950,2,N'Bomberman Hero',6,5),
(951,5,N'Bomberman II',6,0),
(952,6,N'Bomberman Jetters',6,2),
(953,6,N'Bomberman Land',6,4),
(954,4,N'Bomberman Land Touch!',6,5),
(955,6,N'Bomberman Land Touch! 2',6,5),
(956,6,N'Bomberman Max 2: Blue Advance',6,4),
(957,6,N'Bomberman Max 2: Red Advance',6,3),
(958,6,N'Bomberman Party Edition',6,5),
(959,6,N'Bomberman Story DS',6,3),
(960,8,N'Bomberman Tournament',6,2),
(961,6,N'Bomberman World',6,4),
(962,6,N'Bomberman: Act Zero',6,2),
(963,6,N'Boogie',6,2),
(964,4,N'Boogie SuperStar',6,5),
(965,4,N'Book of Spells',6,2),
(966,1,N'Bookworm',6,5),
(967,6,N'Bookworm Deluxe',6,2),
(968,6,N'Boom Blox',6,4),
(969,6,N'Boom Blox Bash Party',6,0),
(970,6,N'BoomBots',6,3),
(971,3,N'Boot Camp Academy',6,4),
(972,1,N'Borderlands',6,5),
(973,9,N'Borderlands 2',6,0),
(974,9,N'Borderlands: Double Game Add-On Pack',6,5),
(975,9,N'Borderlands: The Handsome Collection',6,3),
(976,9,N'Borderlands: The Pre-Sequel',6,1),
(977,9,N'Botanicula',6,1),
(978,2,N'Bottom of the 9th',6,3),
(979,11,N'Bottom of the 9th 97',6,1),
(980,11,N'Bottom of the 9th 99',6,1),
(981,11,N'Boulder Dash: Rocks!',6,3),
(982,6,N'Bound By Flame',6,4),
(983,8,N'Bounty Hounds',6,5),
(984,1,N'Boxers Road',6,4),
(985,3,N'Boxing',6,0),
(986,3,N'Boxing Fever',6,3),
(987,11,N'BRAHMA Force: The Assault on Beltlogger 9',6,5),
(988,9,N'Braid',6,1),
(989,5,N'Brain Age 2: More Training in Minutes a Day',6,1),
(990,6,N'Brain Age: Concentration Training',6,4),
(991,6,N'Brain Age: Train Your Brain in Minutes a Day',6,4),
(992,4,N'Brain Assist',6,1),
(993,4,N'Brain Boost: Beta Wave',6,4),
(994,6,N'Brain Boost: Gamma Wave',7,0),
(995,6,N'Brain Challenge',7,3),
(996,4,N'Brain Dead 13',7,5),
(997,2,N'Brain Exercise With Dr. Kawashima',7,5),
(998,6,N'Brain Quest: Grades 3 & 4',7,3),
(999,4,N'Brain Quest: Grades 5 & 6',7,0),
(1000,4,N'Brain Voyage',7,1);

--Same as above, only the first 1000 values. The full data set is in published_game.txt and is also properly formatted.
INSERT GamesLibrary.PublishedGame(PublishedGameId, DeveloperId, PublisherId, GameId, PublishDate)
VALUES (1,22,4,1,1995),
(2,41,28,2,1992),
(3,22,10,3,2013),
(4,20,5,4,1980),
(5,30,26,5,1981),
(6,5,24,6,1994),
(7,19,23,7,1990),
(8,12,17,8,2011),
(9,46,7,9,2012),
(10,30,16,10,2010),
(11,29,11,11,2013),
(12,11,1,12,2003),
(13,22,26,13,1983),
(14,3,10,14,2003),
(15,2,23,15,2013),
(16,7,30,16,2015),
(17,26,28,17,2017),
(18,8,16,18,1995),
(19,48,14,19,2017),
(20,10,19,20,2012),
(21,29,2,21,2002),
(22,10,1,22,1995),
(23,46,21,23,2014),
(24,48,19,24,1996),
(25,44,19,25,2018),
(26,7,11,26,1981),
(27,11,25,27,1997),
(28,2,2,28,1983),
(29,30,21,29,2012),
(30,8,11,30,2019),
(31,43,19,31,1988),
(32,48,28,32,1996),
(33,15,16,33,1986),
(34,13,13,34,2005),
(35,5,22,35,2010),
(36,23,27,36,1987),
(37,20,19,37,2004),
(38,16,5,38,2014),
(39,27,18,39,2017),
(40,13,10,40,2010),
(41,50,17,41,1981),
(42,42,9,42,2019),
(43,13,24,43,2012),
(44,32,4,44,1986),
(45,49,26,45,1987),
(46,33,3,46,1994),
(47,13,19,47,1991),
(48,30,21,48,1996),
(49,2,15,49,2000),
(50,24,13,50,2006),
(51,31,8,51,1987),
(52,28,12,52,2008),
(53,26,29,53,1980),
(54,45,4,54,1994),
(55,42,19,55,1980),
(56,9,10,56,2006),
(57,12,13,57,2012),
(58,44,28,58,2008),
(59,14,16,59,1989),
(60,17,11,60,1984),
(61,9,4,61,2018),
(62,20,26,62,1984),
(63,43,17,63,1993),
(64,36,25,64,1984),
(65,36,10,65,2009),
(66,7,20,66,1996),
(67,6,17,67,2003),
(68,26,9,68,1983),
(69,21,12,69,2008),
(70,10,9,70,2009),
(71,5,18,71,2008),
(72,38,12,72,2003),
(73,32,28,73,2009),
(74,26,30,74,1985),
(75,23,4,75,1994),
(76,42,3,76,1988),
(77,43,4,77,2019),
(78,27,30,78,1996),
(79,43,16,79,2007),
(80,36,22,80,2017),
(81,6,6,81,1999),
(82,11,18,82,1995),
(83,26,16,83,1981),
(84,13,11,84,1982),
(85,7,9,85,2012),
(86,18,27,86,1988),
(87,46,14,87,1987),
(88,6,1,88,2004),
(89,12,17,89,2017),
(90,27,29,90,2012),
(91,2,3,91,1985),
(92,2,6,92,1993),
(93,7,12,93,2009),
(94,14,27,94,1999),
(95,30,24,95,1992),
(96,39,12,96,2019),
(97,35,4,97,2009),
(98,34,27,98,2001),
(99,20,28,99,2014),
(100,23,24,100,1994),
(101,33,24,101,2001),
(102,6,21,102,2002),
(103,21,1,103,1989),
(104,4,6,104,2013),
(105,20,9,105,1986),
(106,15,21,106,1984),
(107,3,23,107,2009),
(108,12,9,108,1981),
(109,25,28,109,1986),
(110,41,23,110,2018),
(111,2,26,111,2014),
(112,28,29,112,2010),
(113,5,19,113,2019),
(114,44,13,114,2000),
(115,41,17,115,1981),
(116,18,24,116,2007),
(117,17,28,117,2007),
(118,10,5,118,1997),
(119,2,17,119,1986),
(120,44,26,120,2001),
(121,36,24,121,2011),
(122,43,13,122,2014),
(123,32,6,123,1991),
(124,22,11,124,2007),
(125,6,6,125,2003),
(126,12,14,126,1995),
(127,23,18,127,2007),
(128,30,9,128,2017),
(129,2,16,129,1988),
(130,26,13,130,2013),
(131,40,2,131,2001),
(132,50,29,132,1984),
(133,26,22,133,2007),
(134,27,22,134,1992),
(135,11,28,135,1991),
(136,29,9,136,1984),
(137,32,4,137,2008),
(138,35,1,138,1980),
(139,37,22,139,1992),
(140,27,26,140,2018),
(141,8,6,141,1998),
(142,1,8,142,1996),
(143,5,12,143,2001),
(144,28,11,144,1981),
(145,40,20,145,2019),
(146,36,15,146,2013),
(147,3,21,147,2019),
(148,28,5,148,2007),
(149,15,28,149,2004),
(150,44,6,150,2017),
(151,38,23,151,2014),
(152,25,21,152,2013),
(153,20,8,153,1990),
(154,42,25,154,1995),
(155,22,30,155,2009),
(156,45,7,156,2003),
(157,3,25,157,1991),
(158,20,8,158,2008),
(159,16,22,159,1982),
(160,3,11,160,2013),
(161,14,26,161,1985),
(162,30,20,162,2007),
(163,25,18,163,1990),
(164,18,30,164,1985),
(165,22,15,165,2001),
(166,42,17,166,1993),
(167,50,14,167,2010),
(168,33,6,168,2016),
(169,8,15,169,2010),
(170,8,5,170,2003),
(171,16,8,171,2006),
(172,42,7,172,1995),
(173,37,26,173,1988),
(174,34,6,174,1981),
(175,45,27,175,2018),
(176,5,20,176,2005),
(177,17,29,177,2009),
(178,28,30,178,2007),
(179,12,15,179,1982),
(180,17,5,180,1988),
(181,15,23,181,2012),
(182,33,30,182,1993),
(183,30,18,183,2013),
(184,20,23,184,1998),
(185,22,11,185,1985),
(186,1,7,186,1980),
(187,43,27,187,2013),
(188,38,24,188,2010),
(189,25,15,189,2016),
(190,29,23,190,2019),
(191,14,11,191,1986),
(192,39,3,192,1985),
(193,19,12,193,1988),
(194,20,10,194,2005),
(195,21,23,195,2007),
(196,48,2,196,2011),
(197,39,5,197,2013),
(198,48,24,198,1984),
(199,41,1,199,1998),
(200,39,7,200,1997),
(201,16,3,201,1981),
(202,29,6,202,2012),
(203,23,25,203,2004),
(204,2,6,204,2012),
(205,24,20,205,2014),
(206,35,7,206,2019),
(207,23,10,207,1981),
(208,44,11,208,1995),
(209,49,7,209,1997),
(210,49,20,210,1996),
(211,45,2,211,1988),
(212,29,2,212,2016),
(213,32,26,213,1994),
(214,43,15,214,1983),
(215,12,26,215,2019),
(216,13,28,216,1990),
(217,28,2,217,2017),
(218,28,21,218,2007),
(219,39,18,219,1999),
(220,49,8,220,2008),
(221,22,5,221,2001),
(222,5,7,222,2007),
(223,39,7,223,1995),
(224,8,17,224,2015),
(225,20,21,225,1989),
(226,5,11,226,2015),
(227,33,2,227,1983),
(228,28,6,228,1997),
(229,28,26,229,2001),
(230,32,10,230,2004),
(231,35,17,231,2000),
(232,37,2,232,2019),
(233,46,18,233,1992),
(234,37,16,234,1992),
(235,47,19,235,1986),
(236,46,16,236,2017),
(237,15,5,237,2015),
(238,34,17,238,2003),
(239,22,20,239,2018),
(240,4,13,240,1994),
(241,2,7,241,2007),
(242,17,29,242,2007),
(243,20,11,243,1992),
(244,37,10,244,2004),
(245,18,26,245,1993),
(246,45,11,246,1982),
(247,42,6,247,1984),
(248,11,2,248,2012),
(249,20,30,249,1984),
(250,1,25,250,1995),
(251,45,8,251,1982),
(252,47,12,252,2019),
(253,25,14,253,2014),
(254,46,1,254,1989),
(255,28,2,255,2015),
(256,21,1,256,1988),
(257,41,21,257,1996),
(258,48,4,258,2004),
(259,40,25,259,2011),
(260,26,13,260,2010),
(261,10,11,261,2007),
(262,27,29,262,2017),
(263,32,2,263,1990),
(264,38,27,264,2002),
(265,3,15,265,2007),
(266,47,12,266,2009),
(267,38,11,267,1986),
(268,19,23,268,1981),
(269,40,17,269,2008),
(270,41,27,270,2009),
(271,31,14,271,1997),
(272,45,5,272,2001),
(273,13,12,273,2001),
(274,47,8,274,2018),
(275,12,24,275,1986),
(276,1,6,276,2014),
(277,31,2,277,2014),
(278,47,25,278,1999),
(279,3,26,279,1990),
(280,49,28,280,2019),
(281,33,4,281,1989),
(282,32,5,282,1994),
(283,40,14,283,2002),
(284,22,25,284,2006),
(285,37,19,285,2007),
(286,37,25,286,2018),
(287,38,27,287,2019),
(288,50,24,288,1993),
(289,42,29,289,1989),
(290,46,10,290,2015),
(291,37,18,291,1991),
(292,15,30,292,1982),
(293,48,24,293,2013),
(294,41,30,294,2007),
(295,42,2,295,1995),
(296,31,2,296,1997),
(297,34,23,297,2003),
(298,36,30,298,1991),
(299,49,28,299,1994),
(300,28,26,300,2006),
(301,18,8,301,2003),
(302,21,20,302,2005),
(303,2,6,303,2018),
(304,33,28,304,2015),
(305,20,29,305,1995),
(306,46,15,306,2006),
(307,33,18,307,2014),
(308,12,8,308,2013),
(309,37,22,309,2019),
(310,10,12,310,1990),
(311,3,9,311,1992),
(312,12,23,312,2003),
(313,49,2,313,2004),
(314,28,3,314,1985),
(315,5,5,315,2012),
(316,29,3,316,1981),
(317,39,12,317,2007),
(318,29,9,318,2016),
(319,39,20,319,2008),
(320,22,13,320,2007),
(321,36,30,321,1986),
(322,38,15,322,2011),
(323,28,8,323,2000),
(324,14,8,324,2012),
(325,11,9,325,2013),
(326,2,20,326,1991),
(327,10,24,327,2010),
(328,50,8,328,1987),
(329,18,21,329,2009),
(330,49,6,330,2003),
(331,50,9,331,2010),
(332,11,10,332,2007),
(333,17,26,333,1984),
(334,50,25,334,1993),
(335,40,4,335,2011),
(336,44,19,336,1997),
(337,21,13,337,2016),
(338,32,15,338,2017),
(339,18,28,339,1981),
(340,35,6,340,1984),
(341,50,26,341,2019),
(342,12,22,342,1995),
(343,27,5,343,1982),
(344,33,13,344,1985),
(345,49,22,345,1993),
(346,36,26,346,1981),
(347,10,19,347,2003),
(348,29,30,348,1996),
(349,10,18,349,1982),
(350,34,28,350,1981),
(351,33,23,351,2014),
(352,7,8,352,2019),
(353,13,8,353,2000),
(354,42,10,354,2015),
(355,3,3,355,2008),
(356,39,9,356,1982),
(357,22,18,357,1985),
(358,25,8,358,2009),
(359,17,11,359,2000),
(360,14,9,360,1987),
(361,47,11,361,1988),
(362,35,23,362,2003),
(363,48,29,363,2011),
(364,4,27,364,2004),
(365,10,27,365,1998),
(366,1,12,366,2019),
(367,19,10,367,1987),
(368,16,26,368,1989),
(369,32,2,369,1988),
(370,36,19,370,1990),
(371,32,22,371,1982),
(372,13,14,372,2011),
(373,49,21,373,1994),
(374,3,11,374,2010),
(375,19,22,375,2002),
(376,16,16,376,2009),
(377,44,10,377,1999),
(378,16,10,378,2006),
(379,4,1,379,1996),
(380,16,25,380,2001),
(381,46,28,381,1984),
(382,21,10,382,1994),
(383,5,6,383,2012),
(384,18,20,384,1981),
(385,10,10,385,1995),
(386,4,20,386,1996),
(387,38,17,387,2001),
(388,17,12,388,1993),
(389,23,20,389,1995),
(390,49,10,390,1991),
(391,30,21,391,2015),
(392,8,7,392,1996),
(393,29,26,393,1985),
(394,15,2,394,2001),
(395,30,26,395,1991),
(396,37,20,396,1996),
(397,25,23,397,2012),
(398,34,27,398,2007),
(399,9,12,399,1991),
(400,33,30,400,2019),
(401,48,21,401,2019),
(402,28,30,402,1983),
(403,29,20,403,1999),
(404,7,26,404,2013),
(405,37,25,405,2001),
(406,23,6,406,2018),
(407,44,29,407,2014),
(408,44,18,408,1996),
(409,34,11,409,2006),
(410,41,2,410,2004),
(411,18,16,411,1987),
(412,42,24,412,1988),
(413,15,8,413,2011),
(414,19,25,414,2001),
(415,33,9,415,2006),
(416,14,4,416,1980),
(417,13,8,417,1992),
(418,17,20,418,2014),
(419,15,4,419,2005),
(420,16,1,420,2005),
(421,37,26,421,2000),
(422,11,24,422,2008),
(423,29,16,423,1985),
(424,16,14,424,2007),
(425,31,27,425,2002),
(426,48,28,426,1998),
(427,3,2,427,1995),
(428,22,16,428,1982),
(429,22,14,429,2004),
(430,10,9,430,1980),
(431,48,22,431,2009),
(432,27,13,432,1994),
(433,4,15,433,1997),
(434,33,16,434,1992),
(435,36,12,435,2007),
(436,4,2,436,2011),
(437,40,21,437,1982),
(438,12,29,438,1984),
(439,10,17,439,2019),
(440,7,17,440,2009),
(441,15,25,441,1994),
(442,44,4,442,1987),
(443,10,7,443,2018),
(444,45,20,444,1999),
(445,15,22,445,1986),
(446,9,7,446,1993),
(447,20,9,447,1991),
(448,34,26,448,1995),
(449,7,29,449,2002),
(450,8,17,450,1993),
(451,24,30,451,2006),
(452,33,4,452,2009),
(453,50,21,453,1995),
(454,20,16,454,2006),
(455,50,18,455,2018),
(456,28,16,456,1984),
(457,8,10,457,2012),
(458,22,25,458,1981),
(459,3,1,459,2012),
(460,31,20,460,1981),
(461,4,20,461,1984),
(462,27,9,462,1987),
(463,9,7,463,1991),
(464,12,26,464,2014),
(465,44,26,465,2011),
(466,36,30,466,1994),
(467,13,11,467,2006),
(468,28,25,468,1983),
(469,16,11,469,2002),
(470,33,21,470,1994),
(471,21,19,471,2001),
(472,33,16,472,2010),
(473,49,6,473,1999),
(474,17,18,474,1986),
(475,10,7,475,1985),
(476,32,11,476,1984),
(477,16,1,477,2017),
(478,41,1,478,1988),
(479,16,1,479,1995),
(480,18,22,480,2003),
(481,50,16,481,1997),
(482,32,12,482,1993),
(483,3,8,483,1981),
(484,10,5,484,1994),
(485,39,9,485,1986),
(486,7,21,486,1985),
(487,36,21,487,1989),
(488,7,22,488,2011),
(489,35,5,489,1987),
(490,42,8,490,2013),
(491,5,3,491,1992),
(492,5,30,492,1996),
(493,6,15,493,2007),
(494,11,13,494,2001),
(495,5,1,495,1996),
(496,23,24,496,2016),
(497,7,26,497,2008),
(498,20,28,498,2001),
(499,35,10,499,2018),
(500,33,21,500,2014),
(501,35,15,501,1989),
(502,14,12,502,2013),
(503,38,4,503,1990),
(504,3,23,504,2000),
(505,17,2,505,2011),
(506,45,18,506,2008),
(507,46,10,507,1991),
(508,37,14,508,2014),
(509,29,14,509,1996),
(510,19,9,510,1994),
(511,43,3,511,2001),
(512,37,24,512,1981),
(513,48,15,513,1984),
(514,37,15,514,1983),
(515,26,18,515,2009),
(516,17,26,516,2019),
(517,28,11,517,2005),
(518,42,6,518,1994),
(519,18,10,519,1997),
(520,15,30,520,2009),
(521,30,3,521,1982),
(522,47,13,522,2010),
(523,30,9,523,2010),
(524,33,26,524,2018),
(525,22,6,525,1991),
(526,13,4,526,1984),
(527,18,22,527,2008),
(528,3,14,528,2006),
(529,24,18,529,1983),
(530,3,15,530,1994),
(531,9,26,531,2017),
(532,40,3,532,2009),
(533,17,26,533,1980),
(534,8,14,534,2004),
(535,29,1,535,1982),
(536,39,23,536,2016),
(537,11,7,537,1985),
(538,12,5,538,1993),
(539,10,25,539,2013),
(540,41,29,540,2003),
(541,40,11,541,2012),
(542,18,20,542,1980),
(543,2,7,543,1984),
(544,13,3,544,2001),
(545,8,8,545,1981),
(546,21,9,546,1981),
(547,49,1,547,2006),
(548,16,12,548,2000),
(549,35,25,549,2016),
(550,5,16,550,2003),
(551,23,3,551,2013),
(552,8,17,552,2015),
(553,14,12,553,2014),
(554,28,4,554,1992),
(555,43,4,555,1985),
(556,4,15,556,1992),
(557,42,27,557,1980),
(558,29,17,558,2009),
(559,41,15,559,2013),
(560,31,21,560,2007),
(561,8,29,561,2011),
(562,21,1,562,1985),
(563,32,28,563,2002),
(564,3,3,564,2018),
(565,7,12,565,2002),
(566,44,30,566,2008),
(567,14,11,567,2001),
(568,41,14,568,2012),
(569,38,3,569,2012),
(570,25,1,570,1999),
(571,43,20,571,1989),
(572,12,26,572,2007),
(573,1,22,573,2005),
(574,46,1,574,1994),
(575,42,26,575,1991),
(576,37,18,576,2005),
(577,6,18,577,1981),
(578,45,3,578,1998),
(579,25,15,579,1987),
(580,40,20,580,1989),
(581,16,16,581,1990),
(582,40,23,582,1987),
(583,10,2,583,1985),
(584,16,12,584,2004),
(585,36,1,585,2016),
(586,26,19,586,1991),
(587,31,9,587,1986),
(588,35,23,588,1990),
(589,43,22,589,1999),
(590,10,10,590,2005),
(591,6,20,591,1995),
(592,4,16,592,2008),
(593,43,15,593,2017),
(594,22,26,594,2003),
(595,5,4,595,2009),
(596,28,28,596,2000),
(597,46,26,597,2004),
(598,49,27,598,1991),
(599,2,29,599,1996),
(600,10,26,600,2004),
(601,42,19,601,1994),
(602,12,25,602,2005),
(603,29,6,603,2018),
(604,13,10,604,2009),
(605,3,18,605,1990),
(606,30,23,606,2008),
(607,46,27,607,2002),
(608,15,27,608,2004),
(609,18,30,609,1994),
(610,15,10,610,2009),
(611,5,18,611,2001),
(612,5,12,612,2012),
(613,49,15,613,1996),
(614,34,22,614,2013),
(615,6,17,615,1996),
(616,40,25,616,1996),
(617,46,2,617,2016),
(618,24,14,618,1997),
(619,39,29,619,1983),
(620,36,2,620,2006),
(621,47,18,621,1984),
(622,43,10,622,2005),
(623,25,30,623,2012),
(624,4,25,624,2008),
(625,48,19,625,1988),
(626,3,23,626,2016),
(627,33,22,627,1984),
(628,43,1,628,1991),
(629,42,18,629,1995),
(630,44,3,630,1998),
(631,46,15,631,1981),
(632,45,15,632,1986),
(633,43,29,633,2014),
(634,30,8,634,2015),
(635,32,1,635,1990),
(636,4,22,636,1990),
(637,2,10,637,2016),
(638,23,10,638,2003),
(639,20,30,639,2018),
(640,45,17,640,1991),
(641,5,16,641,2011),
(642,23,6,642,2015),
(643,15,22,643,1993),
(644,46,28,644,1988),
(645,27,12,645,2014),
(646,15,16,646,1989),
(647,34,26,647,2008),
(648,49,13,648,1996),
(649,36,22,649,2016),
(650,13,23,650,1986),
(651,48,10,651,1994),
(652,38,11,652,1989),
(653,41,22,653,2005),
(654,9,10,654,1996),
(655,31,30,655,2019),
(656,7,14,656,2007),
(657,24,27,657,2006),
(658,33,28,658,1989),
(659,23,17,659,2008),
(660,45,12,660,1982),
(661,32,10,661,1985),
(662,35,17,662,1983),
(663,13,3,663,2016),
(664,11,11,664,2010),
(665,30,28,665,2003),
(666,42,29,666,1998),
(667,49,20,667,1981),
(668,48,3,668,1990),
(669,31,19,669,2001),
(670,11,16,670,1999),
(671,50,24,671,1998),
(672,21,23,672,2008),
(673,4,9,673,2012),
(674,8,1,674,1996),
(675,6,18,675,2008),
(676,25,22,676,1987),
(677,38,23,677,2009),
(678,32,28,678,1995),
(679,42,15,679,1983),
(680,9,12,680,1987),
(681,34,5,681,1982),
(682,27,4,682,2004),
(683,48,1,683,1982),
(684,11,10,684,1993),
(685,18,10,685,2019),
(686,5,11,686,2011),
(687,31,27,687,2011),
(688,22,9,688,1985),
(689,36,21,689,2014),
(690,6,16,690,1992),
(691,49,7,691,1981),
(692,31,19,692,2017),
(693,17,1,693,1992),
(694,30,30,694,1993),
(695,14,16,695,1995),
(696,31,10,696,1993),
(697,30,15,697,1998),
(698,29,15,698,1983),
(699,15,25,699,2014),
(700,28,11,700,1980),
(701,35,29,701,2006),
(702,49,1,702,2014),
(703,20,22,703,2008),
(704,7,12,704,2005),
(705,17,29,705,1982),
(706,35,8,706,1999),
(707,13,1,707,1980),
(708,3,25,708,2007),
(709,47,25,709,2002),
(710,23,5,710,2007),
(711,24,1,711,2004),
(712,50,18,712,1986),
(713,43,21,713,2005),
(714,37,7,714,1988),
(715,37,25,715,2010),
(716,9,12,716,2006),
(717,35,23,717,2011),
(718,11,13,718,2011),
(719,29,15,719,2007),
(720,14,10,720,1989),
(721,18,9,721,1981),
(722,35,28,722,1992),
(723,45,4,723,1992),
(724,39,4,724,2019),
(725,7,12,725,1992),
(726,29,5,726,1996),
(727,27,4,727,2009),
(728,20,16,728,1985),
(729,4,26,729,2012),
(730,17,15,730,2005),
(731,43,19,731,1998),
(732,43,12,732,2019),
(733,27,16,733,1989),
(734,9,11,734,2010),
(735,39,13,735,2018),
(736,9,1,736,2010),
(737,22,7,737,2005),
(738,14,22,738,1982),
(739,33,5,739,1990),
(740,41,29,740,1999),
(741,21,1,741,2000),
(742,22,5,742,2017),
(743,25,14,743,1991),
(744,18,24,744,1986),
(745,10,18,745,2018),
(746,45,29,746,1995),
(747,45,24,747,2017),
(748,39,19,748,2015),
(749,6,4,749,1980),
(750,35,11,750,2016),
(751,46,5,751,2010),
(752,23,9,752,2000),
(753,13,12,753,1990),
(754,40,17,754,1995),
(755,4,17,755,2011),
(756,10,9,756,2000),
(757,6,26,757,1980),
(758,44,4,758,1982),
(759,39,4,759,1993),
(760,36,23,760,1982),
(761,4,25,761,1998),
(762,37,30,762,2015),
(763,25,28,763,2018),
(764,5,26,764,2007),
(765,43,7,765,2002),
(766,24,18,766,1988),
(767,10,17,767,2002),
(768,40,26,768,2013),
(769,16,17,769,2008),
(770,35,28,770,2019),
(771,46,30,771,2003),
(772,20,12,772,1989),
(773,30,25,773,1986),
(774,12,18,774,1993),
(775,50,11,775,1992),
(776,33,7,776,2019),
(777,30,2,777,2013),
(778,20,7,778,2008),
(779,39,7,779,2007),
(780,13,2,780,2013),
(781,41,18,781,1991),
(782,16,22,782,1997),
(783,19,8,783,2010),
(784,29,19,784,1988),
(785,37,18,785,1980),
(786,45,21,786,2005),
(787,43,14,787,2006),
(788,44,29,788,1992),
(789,50,30,789,1993),
(790,2,17,790,1982),
(791,45,20,791,2019),
(792,2,1,792,1988),
(793,37,30,793,2007),
(794,24,24,794,2007),
(795,14,25,795,2002),
(796,22,19,796,1985),
(797,17,25,797,1981),
(798,31,18,798,1989),
(799,16,3,799,1986),
(800,32,23,800,1984),
(801,22,15,801,1982),
(802,34,26,802,1991),
(803,45,30,803,1981),
(804,21,13,804,2001),
(805,10,25,805,1995),
(806,34,29,806,2002),
(807,50,26,807,1994),
(808,49,1,808,2002),
(809,40,22,809,1983),
(810,31,15,810,1982),
(811,50,22,811,1981),
(812,47,8,812,2007),
(813,30,19,813,2005),
(814,37,4,814,1991),
(815,14,30,815,1983),
(816,17,27,816,2008),
(817,40,4,817,2006),
(818,42,20,818,1993),
(819,22,11,819,1986),
(820,48,10,820,2004),
(821,16,5,821,2010),
(822,31,24,822,1984),
(823,5,14,823,1991),
(824,31,27,824,2011),
(825,18,19,825,1995),
(826,9,6,826,2014),
(827,37,11,827,1998),
(828,41,2,828,2012),
(829,40,24,829,2003),
(830,30,15,830,1988),
(831,38,18,831,1984),
(832,3,7,832,1986),
(833,33,20,833,2005),
(834,43,20,834,1991),
(835,24,13,835,1998),
(836,41,18,836,2000),
(837,36,17,837,1983),
(838,47,22,838,1993),
(839,44,6,839,2006),
(840,44,20,840,2017),
(841,47,10,841,2017),
(842,4,28,842,1995),
(843,2,25,843,2009),
(844,20,2,844,2017),
(845,46,26,845,2013),
(846,32,22,846,2005),
(847,18,23,847,1982),
(848,33,5,848,2000),
(849,49,12,849,1981),
(850,5,14,850,2019),
(851,23,16,851,2012),
(852,42,17,852,1981),
(853,29,3,853,1997),
(854,18,19,854,2016),
(855,7,23,855,2019),
(856,3,10,856,2016),
(857,19,10,857,1989),
(858,16,11,858,1985),
(859,7,6,859,1980),
(860,13,26,860,2011),
(861,7,6,861,1987),
(862,50,19,862,2002),
(863,23,14,863,1995),
(864,46,22,864,2011),
(865,38,18,865,2014),
(866,41,8,866,1982),
(867,44,21,867,2008),
(868,7,14,868,1987),
(869,14,20,869,2013),
(870,32,22,870,2015),
(871,2,29,871,2006),
(872,48,7,872,1985),
(873,12,19,873,2003),
(874,39,16,874,1980),
(875,38,12,875,2012),
(876,30,8,876,1987),
(877,31,12,877,1997),
(878,47,11,878,1994),
(879,40,18,879,1988),
(880,32,1,880,1998),
(881,17,7,881,2006),
(882,17,20,882,1985),
(883,23,28,883,1992),
(884,39,16,884,2009),
(885,47,9,885,2006),
(886,49,26,886,1998),
(887,42,26,887,1990),
(888,47,26,888,1995),
(889,18,8,889,1998),
(890,42,9,890,1990),
(891,13,10,891,2011),
(892,10,20,892,1980),
(893,32,19,893,1981),
(894,3,13,894,2010),
(895,47,13,895,1994),
(896,21,18,896,2018),
(897,33,4,897,1998),
(898,49,5,898,2008),
(899,21,30,899,2001),
(900,43,23,900,1997),
(901,50,10,901,2009),
(902,19,29,902,2004),
(903,14,14,903,2019),
(904,1,14,904,2008),
(905,37,11,905,1995),
(906,49,22,906,2001),
(907,5,22,907,1990),
(908,15,2,908,2001),
(909,15,16,909,1995),
(910,1,26,910,2007),
(911,46,1,911,2004),
(912,24,12,912,2017),
(913,41,30,913,1992),
(914,49,11,914,1983),
(915,22,10,915,2008),
(916,9,8,916,1999),
(917,8,21,917,1985),
(918,47,7,918,2006),
(919,44,3,919,2013),
(920,20,11,920,2013),
(921,47,28,921,2014),
(922,43,6,922,1985),
(923,40,1,923,1980),
(924,40,25,924,1998),
(925,48,17,925,2005),
(926,44,9,926,2006),
(927,41,9,927,1993),
(928,50,24,928,2004),
(929,27,29,929,2010),
(930,35,5,930,1988),
(931,47,8,931,1994),
(932,25,9,932,1987),
(933,33,23,933,1993),
(934,45,26,934,2004),
(935,30,25,935,1989),
(936,27,25,936,2004),
(937,44,6,937,2002),
(938,47,29,938,1990),
(939,49,28,939,2005),
(940,10,27,940,1990),
(941,46,25,941,1996),
(942,13,13,942,2019),
(943,21,20,943,1982),
(944,9,21,944,1996),
(945,7,25,945,2000),
(946,25,15,946,2019),
(947,30,22,947,1988),
(948,32,17,948,1997),
(949,19,14,949,2018),
(950,43,15,950,2011),
(951,14,23,951,2010),
(952,33,17,952,2006),
(953,41,8,953,2005),
(954,17,6,954,1984),
(955,14,19,955,1991),
(956,36,2,956,1991),
(957,16,8,957,1996),
(958,1,25,958,1999),
(959,46,4,959,1993),
(960,33,24,960,1983),
(961,15,15,961,2001),
(962,31,2,962,2001),
(963,40,7,963,1997),
(964,19,16,964,1992),
(965,16,25,965,2008),
(966,5,12,966,1991),
(967,25,24,967,1981),
(968,40,2,968,1993),
(969,23,17,969,1984),
(970,38,19,970,2013),
(971,27,9,971,1991),
(972,2,17,972,1987),
(973,41,3,973,1996),
(974,48,23,974,2007),
(975,24,21,975,2003),
(976,32,10,976,2000),
(977,33,2,977,2017),
(978,42,4,978,2007),
(979,37,26,979,1984),
(980,1,9,980,1994),
(981,29,11,981,1988),
(982,48,18,982,2015),
(983,44,22,983,1980),
(984,14,6,984,2004),
(985,5,11,985,1981),
(986,11,26,986,2014),
(987,25,27,987,1987),
(988,48,27,988,2016),
(989,36,24,989,2015),
(990,21,27,990,2002),
(991,6,16,991,1997),
(992,10,22,992,2008),
(993,8,17,993,1983),
(994,37,11,994,1987),
(995,25,15,995,1981),
(996,27,24,996,2003),
(997,29,28,997,1996),
(998,34,29,998,2000),
(999,4,29,999,2013),
(1000,32,14,1000,2006)